{
  "raw_rows": 10570,
  "network_types": {
    "LTE (4G)": 10301,
    "WCDMA (3G)": 99,
    "GSM (2G)": 98,
    "5G NR": 60,
    "Not Registered": 12
  },
  "lte_rows": 10301,
  "handover_events": 323,
  "no_ho_events": 9978,
  "pci_values": [
    2,
    3,
    5,
    6,
    8,
    10,
    12,
    13,
    14,
    15,
    17,
    19,
    22,
    23,
    25,
    26,
    28,
    36,
    37,
    38,
    44,
    47,
    48,
    55,
    56,
    63,
    68,
    70,
    73,
    74,
    75,
    76,
    78,
    80,
    81,
    82,
    83,
    88,
    95,
    96,
    98,
    102,
    103,
    104,
    112,
    116,
    117,
    118,
    125,
    128,
    139,
    141,
    142,
    150,
    151,
    152,
    157,
    159,
    160,
    161,
    165,
    167,
    168,
    170,
    178,
    179,
    185,
    191,
    194,
    198,
    199,
    203,
    205,
    210,
    213,
    215,
    218,
    221,
    232,
    235,
    240,
    242,
    246,
    248,
    251,
    252,
    258,
    261,
    264,
    269,
    275,
    279,
    280,
    282,
    285,
    294,
    300,
    306,
    307,
    312,
    313,
    315,
    316,
    318,
    319,
    328,
    329,
    330,
    339,
    340,
    351,
    352,
    353,
    355,
    357,
    359,
    361,
    363,
    366,
    369,
    370,
    371,
    380,
    382,
    383,
    388,
    392,
    393,
    395,
    399,
    401,
    402,
    403,
    405,
    406,
    409,
    411,
    412,
    415,
    424,
    430,
    433,
    434,
    440,
    441,
    445,
    446,
    450,
    451,
    452,
    453,
    454,
    455,
    460,
    464,
    466,
    474,
    478,
    479,
    483,
    484,
    489,
    492,
    494,
    496,
    498,
    499,
    500,
    502
  ],
  "rsrp_min": -129.0,
  "rsrp_max": -60.0,
  "lstm_mae": 1.4427210674998483,
  "lstm_rmse": 2.75847341769209,
  "lstm_epochs": 20,
  "lstm_train_samples": 8140,
  "lstm_test_samples": 2061,
  "cls_before_balance": {
    "0": 9841,
    "1": 310
  },
  "cls_after_balance": {
    "1": 9802,
    "0": 9802
  },
  "classification": {
    "Random Forest": {
      "accuracy_mean": 0.9741328365317051,
      "accuracy_std": 0.0025894203765079947,
      "f1_mean": 0.9745672934929046,
      "f1_std": 0.0025027450099179365,
      "precision_mean": 0.9586333091581198,
      "recall_mean": 0.9910527739907793,
      "confusion_matrix": [
        [
          1876.52,
          83.88
        ],
        [
          17.54,
          1942.86
        ]
      ]
    },
    "SVM (RBF)": {
      "accuracy_mean": 0.8824220302505087,
      "accuracy_std": 0.00526798068678526,
      "f1_mean": 0.8803212485585894,
      "f1_std": 0.005392539359424416,
      "precision_mean": 0.8963769350874311,
      "recall_mean": 0.8649050931948505,
      "confusion_matrix": [
        [
          1764.24,
          196.16
        ],
        [
          264.84,
          1695.56
        ]
      ]
    },
    "MLP": {
      "accuracy_mean": 0.950948750579038,
      "accuracy_std": 0.003946469442298941,
      "f1_mean": 0.9511627438621179,
      "f1_std": 0.0038423140459213187,
      "precision_mean": 0.9471847650022441,
      "recall_mean": 0.9552030149132575,
      "confusion_matrix": [
        [
          1855.9,
          104.5
        ],
        [
          87.82,
          1872.58
        ]
      ]
    },
    "KNN": {
      "accuracy_mean": 0.9689910242597424,
      "accuracy_std": 0.0024228307413087856,
      "f1_mean": 0.9691267900772549,
      "f1_std": 0.0024090602423622607,
      "precision_mean": 0.9649221925002311,
      "recall_mean": 0.9733828325822935,
      "confusion_matrix": [
        [
          1891.0,
          69.4
        ],
        [
          52.18,
          1908.22
        ]
      ]
    }
  }
}